{"count":1,"self":13117.019750399999,"total":13139.711149499999,"children":{"InitializeActuators":{"count":10,"self":0.0020017999999999998,"total":0.0020017999999999998,"children":null},"InitializeSensors":{"count":10,"self":0.001001,"total":0.001001,"children":null},"AgentSendState":{"count":656728,"self":6.7941927999999994,"total":7.1057407999999995,"children":{"CollectObservations":{"count":6019,"self":0.23848409999999998,"total":0.23848409999999998,"children":null},"WriteActionMask":{"count":6019,"self":0.025023,"total":0.025023,"children":null},"RequestDecision":{"count":6019,"self":0.048040599999999996,"total":0.048040599999999996,"children":null}}},"DecideAction":{"count":656728,"self":13.175764,"total":13.1757642,"children":null},"AgentAct":{"count":656728,"self":2.4058324,"total":2.4058322999999997,"children":null}},"gauges":{"CRP.CumulativeReward":{"count":999,"max":24.9099941,"min":10.37,"runningAverage":11.5699186,"value":11.750001,"weightedAverage":11.6809092}},"metadata":{"timer_format_version":"0.1.0","start_time_seconds":"1627475394","unity_version":"2019.4.17f1","command_line_arguments":"H:\/programming\/unity\/Editor\/Unity.exe -projectpath D:\/works\/Arbeit\/Entwicklung\/UDE\/TUL\/AI\/dev\/CRP\/CRP -useHub -hubIPC -cloudEnvironment production -hubSessionId e778c6e0-ed54-11eb-a5fd-874b010efb61 -accessToken IiY27R1Xe3kNaxOeE_80EBWju1YdrCiAWExldzUjHEk008f","communication_protocol_version":"1.5.0","com.unity.ml-agents_version":"2.0.0-exp.1","scene_name":"SampleScene","end_time_seconds":"1627488533"}}