{"count":1,"self":29.622361599999998,"total":34.369651399999995,"children":{"InitializeActuators":{"count":10,"self":0.0010008999999999999,"total":0.0010008999999999999,"children":null},"InitializeSensors":{"count":10,"self":0.0010008999999999999,"total":0.0010008999999999999,"children":null},"AgentSendState":{"count":1483,"self":0.10988089999999999,"total":0.5772362,"children":{"CollectObservations":{"count":8541,"self":0.355913,"total":0.355913,"children":null},"WriteActionMask":{"count":8541,"self":0.036036,"total":0.036036,"children":null},"RequestDecision":{"count":8541,"self":0.0754063,"total":0.0754063,"children":null}}},"DecideAction":{"count":1483,"self":4.0319176,"total":4.0319174,"children":null},"AgentAct":{"count":1483,"self":0.13613329999999998,"total":0.13613329999999998,"children":null}},"gauges":{"CRP.CumulativeReward":{"count":1000,"max":12.7199993,"min":11.039999,"runningAverage":11.9605036,"value":12.3200006,"weightedAverage":11.8977633}},"metadata":{"timer_format_version":"0.1.0","start_time_seconds":"1627413880","unity_version":"2019.4.17f1","command_line_arguments":"H:\/programming\/unity\/Editor\/Unity.exe -projectpath D:\/works\/Arbeit\/Entwicklung\/UDE\/TUL\/AI\/dev\/CRP\/CRP -useHub -hubIPC -cloudEnvironment production -hubSessionId e778c6e0-ed54-11eb-a5fd-874b010efb61 -accessToken IiY27R1Xe3kNaxOeE_80EBWju1YdrCiAWExldzUjHEk008f","communication_protocol_version":"1.5.0","com.unity.ml-agents_version":"2.0.0-exp.1","scene_name":"SampleScene","end_time_seconds":"1627413915"}}